Username,Comment,Duplicate_Count,Fake_Score,Fake_Detection
@vishnuallinone8026,Only e movie lo act chesaru vishnu,1,0,Real
@srikanthsrikanth572,15:27 rajasab song ğŸ˜…ğŸ˜‚,1,0,Real
@jackietiger5523,38:46,1,1,Real
@Suresh-y4s6r,#Erri Pukku People Media Factory And Maruti Trailers Lo Manchi Scenes Petti Malli A Scenes Delete Chayyatam Prabhas Fight Scenes Manchi Intro Scene For Prabhas Ekkada Raa Pichi Pukka Chatta Chupichastara Raa Maa Money Waste Cheysaru Kada Raa PICHI pukkalara.,1,0,Real
@nalluriaakash,Watch in 2026,1,0,Real
@BMY_0893,15:24 after rajasaab,1,0,Real
@phanisairam1950,Vishnu movies lo idey good mv,1,0,Real
@ravisunilutubesunil2595,actually Vishnu is a very fine artist and has ease in doing these type of characters,1,0,Real
@sanatana.tales.official,"anyone in 29-dec-2025 , that epic dialogue ""EMANDI CHARI GARU""ğŸ˜‚ğŸ˜‚ğŸ˜‚ğŸ˜‚ğŸ˜‚",1,2,Suspicious
@CoreVectorTech,great,1,1,Real
@GonesidduGonesiddu,2025 kuda unnara ğŸ˜‚,1,0,Real
@TSWRSPEDDAPALLY,wow,1,1,Real
@Crime7273,à°ˆ à°®à±‚à°µà±€ à°²à±‹ à°¬à±à°°à°¹à±à°®à°¿ à°°à°¿à°¯à°¾à°•à±à°·à°¨à±à°¸à± à°¸à±‚à°ªà°°à± à°…à°¸à°²à± ....,1,2,Suspicious
@PrasadRatho-i3k,Prasadratho comdy jlabagunathi ğŸ˜‚ğŸ˜‚ğŸ˜‚ğŸ˜‚ğŸ˜‚,1,0,Real
@DDurgaRAMESH-m4v,ğŸ‘Œ,2,3,Suspicious
@shivap_2703,we need businessman part-2,1,0,Real
@PavankumarAdi-g5i,à°®à°¿à°¸à±à°¸à°¿à°‚à°—à± à°¶à±à°°à±€à°¹à°°à°¿ à°…à°¨à±à°¨,1,2,Suspicious
@nagamanobhirammoganti4392,2025 lo evaru ayina chusthunara,1,0,Real
@PKalyan-rx3ex,Watching in 2026 ğŸ‰,1,0,Real
@Ojjas_Gambheeraa,"Edi kada telangana modulation..
Atti bittiri gallu andaru immitate cheyadame...",1,0,Real
@pavan13243,Nov 2025,1,2,Suspicious
@4..489,Everyone 2025 October,1,0,Real
@adityababu9761,Watching in September 2025,1,0,Real
@AvinashReddyReddy-m5h,à°œà±†à°¨à±€à°²à°¿à°¯à°¾ à°®à°‚à°šà± à°µà°¿à°·à±à°£à± à°•à°¾à°®à±†à°¡à±€ à°²à°µà± à°¸à±à°Ÿà±‹à°°à±€ à°¬à±à°°à°¹à±à°®à°¾à°¨à°‚à°¦à°‚ à°¸à±à°¨à±€à°²à± à°•à°¾à°®à±†à°¡à±€ à°¸à±‚à°ªà°°à±,1,2,Suspicious
@svsajol7661,Dkfullhd â¤ğŸ˜®â¤bhâ¤ğŸ˜Šâ¤ğŸ˜ŠğŸ˜…ğŸ˜‚ğŸ˜…ğŸ‰ğŸ˜®ğŸ˜®ğŸ‰ğŸ˜®ğŸ‰ğŸ˜…â¤ğŸ˜Šâ¤ğŸ‰ğŸ˜…ğŸ‰ğŸ˜®ğŸ‰ğŸ˜®ğŸ˜…â¤ğŸ˜ŠğŸ˜…ğŸ˜‚ğŸ˜…ğŸ‰ğŸ˜‚,1,3,Suspicious
@meghanchowdary1487,40:15 ğŸ˜‚ğŸ˜‚ğŸ˜‚,1,1,Real
@gourishankar105,2025 lo chusina vaallu like,1,0,Real
@MYLIFEISDARK,ğŸ˜…,1,1,Real
@gourishankar105,Watching in 2025 august,1,0,Real
@LakshmiLakshmi-pk2zv,â¤,4,3,Suspicious
@LakshmiLakshmi-pk2zv,â¤,4,3,Suspicious
@venkateshkatroth2466,Shankar annağŸ˜Š,1,1,Real
@ThirupathiShaingarapu,In,1,1,Real
@chukkalatharak1402,25:00,1,1,Real
@itsmeviky2309,Best of luck ğŸ¤ darling,1,0,Real
@manojkumarmanojkumar9018,38:45  Brahmi ğŸ’€ğŸ”¥ğŸ”¥,1,0,Real
@manojkumarmanojkumar9018,21:31 that expression ğŸ˜‚,1,0,Real
@prabhumanje1942,asalu e movie raviteja chesthe comedy block buster,1,0,Real
@Sanju_Nani,2025,1,1,Real
@mokkadamnarsingrao9292,Nenu,1,1,Real
@rajinikantkrk1982,â„ï¸ anna appudu bagane unnadu ğŸ˜‚ğŸ˜‚ eppudeyğŸ˜‚ğŸ˜‚ğŸ˜‚,1,0,Real
@sivaramakrishna2752,38:45 brahmi expressions peak ğŸ”¥,1,0,Real
@anupamatravels,Nice slum area scenes,1,0,Real
@anupamatravels,Which basti is shooting location?,1,0,Real
@Ashwin12345,"Many comedians in one frame
1) sunil
2) srihari
3) brahmi
4) brahmaji
5) jp
6) heroes father",1,1,Real
@SSSpower6,ğŸ˜‚malli Elanti movie chudali anni pistundi .....avaru testharoo,1,0,Real
@HarryPotter-sh9fs,Floppy,1,1,Real
@HoneyGanapathi2367,à°®à°‚à°šà± à°µà°¿à°·à±à°£à± à°Ÿà°¾à°¯à°¿à°²à±†à°Ÿà±,1,2,Suspicious
@SURISREYA,à°‡à°²à°¾à°‚à°Ÿà°¿à°µà°¿ à°…à°¨à±à°¨à±‡ à°¤à±†à°²à±à°—à± à°¸à°¿à°¨à°¿à°®à°¾à°²à±à°²à±‹à°¨à±‡ à°¸à°¾à°§à±à°¯à°‚,1,2,Suspicious
@danunjaykakarla6794,2025 ..9:16 time,1,0,Real
@rehamanhanif,à°¶à±à°°à±€à°¹à°°à°¿ à°®à°¾à°®  à°†à°¤à±à°® à°šà°²à±à°²à°—à°¾ à°‰à°‚à°¡à°¾à°²à°¿  god bless yuğŸ’â¤ï¸,1,2,Suspicious
@rehamanhanif,à°—à±€ à°¸à°¿à°¨à°¿à°®à°¾ lo  à°¶à±à°°à±€à°¹à°°à°¿ garu   à°‰à°‚à°¡à°¬à°Ÿà±à°Ÿà±‡ movie ganta pedda hittu à°…à°¯à±à°¯à°¿à°‚à°¦à°¿ à°¶à±à°°à±€à°¹à°°à°¿ anna  riyalstar,1,2,Suspicious
@SaiKeerthana-p2f,E okka vedio kosam subscribeğŸ˜‚ğŸ˜‚ chesanu vishnu and heartly brahmi meaning chari garuğŸ˜‚ ğŸ˜‚,1,0,Real
@charyrak9252,E cinema lo asalaina hero lu srihari & brahmanandam,1,0,Real
@KishoreKumar-gx8ey,Vishnuâ€™s best performance,1,0,Real
@OrsuSunder,9:37 ki music ekkado vinnatu undhenti,1,0,Real
@bhanuprasad1356si,Vishnu movies lo best movie,1,0,Real
@yashuyashu6277,who watch reel after see this,1,0,Real
@paldheneeraj142,â¤â¤,1,1,Real
@mandadirohitreddy8086,Best comedy scenes,1,0,Real
@anilannu622,D  cinema comedy super super super super super super super super,1,0,Real
@Naveen-zb9ln,Fuck nicchi odik Ã±Ã¥ naap reason Maru narcissist,1,0,Real
@MannuruShiva-o7i,Suuuuuuper movie good acting by manchu vishnu â¤â¤â¤â¤â¤â¤â¤â¤,1,0,Real
@RaviDidla-o1i,ğŸŒ¹,1,1,Real
@MaheshMahi-rx1sp,Wentastik movie â¤â¤,1,0,Real
@aslamali-bx1zq,Watching in 2025 jan,1,0,Real
@Shyamsundaryoutoube,Raviteja chesinteh vere level,1,0,Real
@sikrareddy4742,Watching in 2025,1,0,Real
@kakivamsi-m9u,srihari supar,1,1,Real
@VenkyBhavani-p8l,ğŸ˜‚ğŸ˜‚ğŸ˜‚ğŸ˜‚ 9:49,1,1,Real
@AR-MM93,Miss the Smile Of Sri Hari Garu...,1,0,Real
@SuneelaThiravalluru,ğŸ¦¾ğŸ¦¾ğŸ¦¾ğŸ¦¾ğŸ¦¾ğŸ¦¾ğŸ‘ŒğŸ‘ŒğŸ‘ŒğŸ‘ŒğŸ‘ŒğŸ‘ŒğŸ‘ŒğŸ‘ŒğŸ‘ŒğŸ‘ŒğŸ‘Œ,1,3,Suspicious
@SuneelaThiravalluru,BoyğŸ¦¾ğŸ¦¾ğŸ¦¾ğŸ¦¾ğŸ¦¾ğŸ‘ˆğŸ‘ŒğŸ‘ŒğŸ‘ŒğŸ‘ŒğŸ‘ŒğŸ‘ŒğŸ‘ŒğŸ‘ŒğŸ‘ŒğŸ‘ŒğŸ‘ŒğŸ‘ŒğŸ‘ŒğŸ‘Œ,1,3,Suspicious
@vyshuvelamuri3345,8:25,1,1,Real
@MUDAVATHSHARADA-yn1gn,2025 likes vesukondi,1,0,Real
@Allinonetopnews,Best Comedy Scene of TFI â¤ 38:00,1,0,Real
@SudarshanGoud-r6v,Namaskarmsrihargarki,1,1,Real
@ramanamodali7566,"ithani pictures yekkuva levo nenu chuda ledo kani, bhale ishtam, manishi kuda baunnadu. Yenno sarlu chusamu, chudachu, chusthamu. Tharvatha inka ye pictures nachaledu.",1,0,Real
@deepagopinath8061,Need Dee part 2,1,0,Real
@PrajjunChary,Idhe timing tho continue chesthey bablu ane name  bagundedhii kadha manchu bro,1,0,Real
@PichikaLaxmanrao,Imiss you Sri Hari anna,1,0,Real
@natureofficial-bt4xh,https://youtube.com/shorts/Hjk9SQt0-G0?feature=share,1,6,Fake
@sankararaoyelisetti8416,à°®à°‚à°šà± à°®à°¨à±‹à°œà± à°²à°•à±à°·à±à°®à±€ à°† à°•à±à°Ÿà±à°‚à°¬à°‚à°²à±‹ à°…à°¤à°¿ à°ªà±†à°¦à±à°¦ à°®à°‚à°šà°¿ à°µà°¾à°³à±à°²à±ğŸ˜…à°ˆ à°ªà±à°°à°ªà°‚à°šà°¾à°¨à°¿à°•à°¿ à°µà°¾à°³à±à°²à± à°•à°¾à°µà°¾à°²à°¿ğŸ˜…,1,2,Suspicious
@AkhilaThiravalluru,ğŸ•ºğŸ‘ˆğŸ’ªğŸ’ªğŸ’ªğŸ’ªğŸ’ªğŸ’ªğŸ’ªğŸ’ªğŸ’ªğŸ‘ˆğŸ‘‰ğŸ…ğŸ‘ˆğŸ”¥ğŸ‘ˆğŸ‘€ğŸ‘ˆğŸ‘ğŸ‘,1,3,Suspicious
@AkhilaThiravalluru,ğŸ‘«ğŸ¤ğŸ’ªğŸ’ªğŸ’ªğŸ’ªğŸ‘ŒğŸ‘ŒğŸ‘ŒğŸ‘ŒğŸ‘Œ,1,3,Suspicious
@AkhilaThiravalluru,ğŸ’ƒğŸ‘ˆğŸ‘‰ğŸ›ŒğŸ‘ˆğŸ‘ğŸ‘,1,1,Real
@SavalamRamesh-p1j,DgsysteayytetwyğŸ‰ğŸ‰ğŸ‰ğŸ‰ğŸ‰â¤â¤ğŸ˜ŠğŸ˜ŠğŸ˜Š,1,3,Suspicious
@krishnasai7891,"Dhee movie hero 1st hero Srihari, 2nd hero Brahmi, 3rd Sunil  4th Jayprakash reddy 5th Genelia",1,0,Real
@mayalokam1234,à°¶à±à°°à±€ à°¹à°°à°¿ à°—à°¾à°°à± ğŸ˜¢ à°°à°¿à°ªà±,1,0,Real
@vuduthalaprabhakar3105,2024 likes vesukondi,1,0,Real
@KarrothugowrinaiduGowrinaiduka,Chudali,1,1,Real
@Sanjaym-g7k,Super,16,3,Suspicious
@e.yadaiahyadi5609,â¤ğŸ‰,2,3,Suspicious
@radhikaa123,Great shrihari sir ğŸ˜¢,1,0,Real
@radhikaa123,Miss you sir,1,0,Real
@radhikaa123,Sir ki anni likes echina saripodu,1,0,Real
@rafeeq7860,great actor srihari,1,0,Real
@santhueditsyt8062,29:43 ğŸ˜‚ğŸ˜‚ğŸ˜‚,1,1,Real
@vartyapraveen5224,AloğŸ˜‚ğŸ˜‚,1,1,Real
@vartyapraveen5224,Chal naduvu beyğŸ˜‚,1,0,Real
@SrinivasMangam-g9l,Hi,3,3,Suspicious
@dhiravathnari2954,Ippatiki 100 sarlu chusa,1,0,Real
@MmaadhuriMmaadhuri,Dhesfh,1,1,Real
@aarifhask6982,Super ğŸ‰ğŸ˜‚,1,1,Real
@user-nm5qi4bz2q,Bremigaru comedian low Manchester,1,0,Real
@Anilkumar-hi4zc,Especially 23:04 à°¦à°—à±à°—à°° à°¨à°µà±à°µà±à°²à±‡à°• à°šà°¸à±à°¤à°¾à°°à±... à°•à°¾à°®à°¿à°¡à±€ à°Ÿà±ˆà°®à°¿à°‚à°—à± a à°¸à±‚à°ªà°°à± ğŸ˜…ğŸ˜…,1,2,Suspicious
@Albatros8329,Without srihari there's no Comedy,1,0,Real
@VerakRavathi,à°¨à±‡à°¨à± à°²à±‡à°•à±à°‚à°¡à°¾ à°‰à°‚à°¡à°²à±‡à°¨à± à°…à°‚à°Ÿà±‡ à°‡à°ªà±à°ªà±à°¡à± à°‰à°¨à±à°¨ à°²à±ˆà°«à± à°¨à°¾à°¤à±‹ à°•à°²à°¿à°¸à°¿ à°‰à°‚à°¡à°¾à°²à°¨à°¿à°ªà°¿à°¸à±à°¤à±à°‚à°¦à°¿ à°®à°¨à°¸à±à°ªà±‚à°°à±à°¤à°¿à°—à°¾ à°…à°‚à°Ÿà±‡ à°¨à°¨à±à°¨à± à°®à±à°¯à°¾à°°à±‡à°œà± à°šà±‡à°¸à±à°•à±‹à°‚à°¡à°¿ à°…à°‚à°¤à±‡à°—à°¾à°¨à°¿ à°®à±à°¯à°¾à°°à±‡à°œà± à°…à°¯à±à°¯à°¾à°• à°¨à±€ à°«à°¸à±à°Ÿà± à°µà±ˆà°«à± à°²à±‡à°•à±à°‚à°¡à°¾ à°‰à°‚à°¡à°²à±‡à°¨à± à°…à°¨à°¿à°ªà°¿à°¸à±à°¤à±‡ à°¨à±€à°•à± à°¨à°¾ à°®à±€à°¦ à°¨à±€à°•à± à°²à°µà± à°²à±‡à°¦à± à°¨à±€ à°…à°µà°¸à°°à°¾à°¨à°¿à°•à°¿ à°¨à°¨à±à°¨à± à°µà°¾à°¡à±à°•à±à°‚à°Ÿà°¾à°°à± à°‡à°ªà±à°ªà±à°¡à± à°•à±‚à°¡à°¾ à°…à°¦à±‡ à°šà±‡à°¸à±à°¤à±à°¨à±à°¨à°¾à°°à±,1,2,Suspicious
@VerakRavathi,à°¨à°¾ à°«à°¸à±à°Ÿà± à°¹à°¸à±à°¬à±†à°‚à°¡à± à°¤à±‹ à°²à±ˆà°«à± à°à°‚à°¦à±à°•à± à°µà°¦à±à°¦à± à°…à°¨à±à°•à±à°‚à°Ÿà±à°¨à±à°¨à°¾à°¨à± à°¨à±€à°•à± à°¤à±†à°²à°¿à°¯à°¦à°¾ à°† à°¸à±‡à°®à± à°²à±ˆà°«à± à°®à°°à°²à°¾ à°¨à°¾à°•à± à°¨à±€à°¤à±‹ à°‰à°‚à°Ÿà±à°‚à°¦à°¿ à°…à°‚à°Ÿà±‡ à°¨à°¾à°•à± à°²à±ˆà°«à± à° à°µà°¦à±à°¦à±,1,2,Suspicious
@VerakRavathi,à°®à±€ à°…à°¨à±à°¨ à°®à±€ à°…à°•à±à°• à°šà±†à°ªà±à°ªà°¿à°¨à°Ÿà±à°²à± à°µà°¿à°‚à°Ÿà±à°¨à±à°¨à°¾à°°à± à°…à°ªà±à°ªà±à°¡à± à°²à°µà± à°‰à°‚à°¡à°¦à± à°²à±ˆà°«à± à°²à±‹ à°²à°µà± à°²à±‡à°•à°ªà±‹à°¤à±‡ à°¨à°¾à°•à± à°…à°µà°¸à°°à°‚ à°²à±‡à°¦à± à°¨à±€à°¤à±‹ à°®à±à°¯à°¾à°°à±‡à°œà± à°¨à°¾ à°«à°¸à±à°Ÿà± à°¹à°¸à±à°¬à±†à°‚à°¡à± à°¤à±‹ à°²à±ˆà°«à± à°à°²à°¾ à°‰à°‚à°¡à±‡à°¦à±‹ à°…à°²à°¾à°¨à±‡ à°¸à±‡à°®à± à°‰à°‚à°Ÿà±à°‚à°¦à°¿ à°®à±€ à°…à°¨à±à°¨ à°®à±€ à°…à°•à±à°• à°šà±†à°ªà±à°ªà°¿à°¨à°Ÿà±à°²à± à°®à°¨à°‚ à°…à°°à±‡à°‚à°œà±à°¡à± à°®à±à°¯à°¾à°°à±‡à°œà± à°šà±‡à°¸à±à°•à±à°‚à°Ÿà±‡ à°¨à°¾à°•à± à°† à°²à±ˆà°«à± à°µà°¦à±à°¦à±,1,2,Suspicious
@VerakRavathi,à°¨à±€ à°¨à±‹à°Ÿà±à°²à±‹ à°¨à±à°‚à°šà°¿ à°¨à±à°µà±à°µà± à°¡à±ˆà°µà°°à±à°¸à± à°‡à°µà±à°µà°‚à°¡à°¿ à°¨à±‡à°¨à± à°²à°µà± à°¤à±‹à°¨à±‡ à°®à±à°¯à°¾à°°à±‡à°œà± à°šà±‡à°¸à±à°•à±à°‚à°Ÿà°¾à°¨à± à°®à±€à°°à± à°šà±†à°ªà±à°ªà°¿à°¨à°Ÿà±à°²à±à°—à°¾ à°…à°¦à°¿ à°’à°•à±à°• à°®à°¾à°Ÿ à°¨à±€ à°¨à±‹à°Ÿà±à°²à±‹ à°¨à±à°‚à°šà°¿ à°‡à°ªà±à°ªà°Ÿà°¿à°µà°°à°•à± à°°à°¾à°²à±‡à°¦à±,1,2,Suspicious
@VerakRavathi,à°¨à±à°µà±à°µà± à°µà°¾à°³à±à°³ à°®à°¾à°Ÿ à°µà°¿à°‚à°Ÿà±à°¨à±à°¨à°¾à°µà± à°•à°¾à°¬à°Ÿà±à°Ÿà°¿ à°¨à°¨à±à°¨à± à°²à°µà± à°¤à±‹ à°®à±à°¯à°¾à°°à±‡à°œà± à°šà±‡à°¸à±à°•à±à°‚à°Ÿà°¾à°¨à°¨à°¿ à°šà±†à°ªà±à°ªà°Ÿà±à°²à±‡à°¦à± à°µà°¾à°³à±à°³à± à°šà±†à°ªà±à°¤à±‡à°¨à±‡ à°¨à±à°µà±à°µà± à°¨à°¾à°•à± à°šà±†à°ªà±à°¤à°¾à°µà±,1,2,Suspicious
@VerakRavathi,à°®à°¨ à°²à±ˆà°«à± à°²à±‹ à°²à°µà± à°‰à°‚à°¡à°¡à°‚ à°®à±€ à°…à°¨à±à°¨ à°®à±€ à°…à°•à±à°•à°•à°¿ à°‡à°·à±à°Ÿà°‚ à°²à±‡à°¦à± à°à°‚à°¦à±à°•à°‚à°Ÿà±‡ à°µà°¾à°³à±à°² à°¸à°‚à°˜à°¾à°² à°•à±‹à°¸à°‚ à°µà°¾à°³à±à°²à± à°†à°²à±‹à°šà°¿à°‚à°šà± à°•à±à°‚à°Ÿà±à°¨à±à°¨à°¾à°°à± à°®à°°à°¿ à°¨à±‡à°¨à± à°¨à°¾ à°²à±ˆà°«à± à°—à±à°°à°¿à°‚à°šà°¿ à°†à°²à±‹à°šà°¿à°‚à°šà± à°•à±à°‚à°Ÿà±à°¨à±à°¨,1,2,Suspicious
@VerakRavathi,à°®à±€ à°…à°¨à±à°¨ à°®à±€ à°…à°•à±à°• à°µà°¾à°³à±à°³ à°¸à°‚à°˜à°¾à°² à°•à±‹à°¸à°‚ à°¨à°¨à±à°¨à± à°²à°µà± à°šà±‡à°¸à°¿à°¨à°Ÿà±à°²à±à°—à°¾ à°¨à°Ÿà°¿à°‚à°šà°¿ à°¨à±€à°•à± à°¨à°šà±à°šà°¿à°¨à°Ÿà±à°²à±à°—à°¾ à°…à°¨à±à°¨à°¿ à°«à±€à°²à°¿à°‚à°—à±à°¸à± à°¤à±‹ à°¨à°¨à±à°¨à± à°µà°¾à°¡à±à°•à±Šà°¨à°¿ à°µà°¾à°³à±à°² à°•à±‹à°¸à°‚ à°¨à°¨à±à°¨à± à°…à°°à±‡à°‚à°œà±à°¡à± à°®à±à°¯à°¾à°°à±‡à°œà± à°šà±‡à°¸à±à°•à±à°‚à°¦à°¾à°‚ à°…à°¨à±à°•à±à°‚à°Ÿà±à°¨à±à°¨à°¾à°µà°¾,1,2,Suspicious
@VerakRavathi,tpm à°¡à°¾à°¡à±€ à°®à°¨ à°²à±ˆà°«à± à°²à±‹ à°‰à°‚à°¡à°¾à°²à°¨à°¿ à°šà±†à°ªà±à°ªà°¾à°°à± à°‡à°ªà±à°ªà±à°¡à±ˆà°¨à°¾ à°®à±à°¯à°¾à°°à±‡à°œà± à°…à°¯à±à°¯à°¾à°• à°…à°¯à°¿à°¨à°¾ à°¨à±à°µà±à°µà± à°¨à°¨à±à°¨à± à°²à°µà± à°¤à±‹ à°®à±à°¯à°¾à°°à±‡à°œà± à°šà±‡à°¸à±à°•à±à°‚à°Ÿà±‡à°¨à±‡ à°¨à±‡à°¨à± à°²à±‡à°•à±à°‚à°¡à°¾ à°‰à°‚à°¡à°²à±‡à°¨à± à°…à°‚à°Ÿà±‡à°¨à±‡ à°¨à°¨à±à°¨à± à°šà±‡à°¸à±à°•à±‹à°‚à°¡à°¿ à°²à±‡à°¦à± à°‡à°‚à°•à°¾ à°¨à±€ à°«à°¸à±à°Ÿà± à°µà±ˆà°«à± à°¨à±€ à°®à°°à±à°šà°¿à°ªà±‹à°²à±‡à°¦à± à°…à°‚à°Ÿà±‡ à°®à°¨à°‚ à°µà°¿à°¡à°¿à°ªà±‹à°¦à°¾à°‚,1,2,Suspicious
@VerakRavathi,à°¨à°¾ à°®à±€à°¦ à°¨à±€à°•à± à°à°•à±à°•à°¡ à°²à°µà± à°‰à°‚à°Ÿà°¦à°¿,1,0,Real
@VerakRavathi,à°®à°¾à°Ÿà±à°²à°¾à°¡à°¿à°¤à±‡ à°®à°¾à°¦à°¿ à°«à±‹à°°à± à°‡à°¯à°°à±à°¸à± à°²à°µà± à°…à°‚à°Ÿà°¾à°°à± à°¨à°¨à±à°¨à± à°²à°µà± à°®à±à°¯à°¾à°°à±‡à°œà± à°šà±‡à°¸à±à°•à±‹ à°…à°¦à±‡ à°°à°¿à°œà°¿à°¸à±à°Ÿà°°à± à°®à±à°¯à°¾à°°à±‡à°œà± à°²à±‡à°¦à°‚à°Ÿà±‡ à°¨à°¾à°•à± à°®à±à°¯à°¾à°°à±‡à°œà± à°µà°¦à±à°¦à± à°…à°ªà±à°ªà±à°¡à± à°¨à±à°‚à°šà°¿ à°‡à°ªà±à°ªà°Ÿà°¿à°µà°°à°•à± à°¨à±€ à°«à°¸à±à°Ÿà± à°µà±ˆà°«à± à°¨à°¿ à°«à°¸à±à°Ÿà± à°²à°µà°°à± à°…à°¨à°¿ à°²à°µà± à°šà±‡à°¸à±à°¤à±à°‚à°Ÿà±‡ à°…à°°à±‡à°‚à°œà±à°¡à± à°®à±à°¯à°¾à°°à±‡à°œà± à°¨à±€à°¤à±‹ à°¨à±‡à°¨à± à°šà±‡à°¸à±à°•à±à°‚à°Ÿà±‡ à°‡à°‚à°• à°¨à°¾ à°®à±€à°¦ à°¨à±€à°•à± à°à°•à±à°•à°¡ à°²à°µà± à°‰à°‚à°Ÿà°¾à°¦à°¿,1,2,Suspicious
@VerakRavathi,à°¨à±€ à°«à°¸à±à°Ÿà± à°µà±ˆà°«à± à°…à°¯à°¿à°¨à°¾ à°¨à±€ à°«à°¸à±à°Ÿà± à°²à°µà°°à± à°¨à°¿ à°‡à°‚à°•à°¾ à°®à±€à°°à± à°®à°°à±à°šà°¿à°ªà±‹ à°²à±‡à°•à°ªà±‹à°¤à±‡ à°®à°¨ à°®à±à°¯à°¾à°°à±‡à°œà± à°œà°°à°—à°•à±à°‚à°¡à°¾ à°‰à°‚à°Ÿà±‡à°¨à±‡ à°®à°‚à°šà°¿à°¦à°¿ à°…à°¨à±à°•à±à°‚à°Ÿà°¾ tpm à°¡à°¾à°¡à±€ à°®à°¨à°•à°¿ à°²à°µà± à°‰à°‚à°¡à°¾à°²à°¨à°¿ à°šà±†à°ªà±à°ªà°¾à°°à± à°¨à±€ à°µà±ˆà°«à± à°®à±€à°¦ à°²à°µà± à°‰à°‚à°¡à°¾à°²à°¨à°¿ à°šà±†à°ªà±à°ªà°²à±‡à°¦à±,1,2,Suspicious
@Jablavasu-vk3qw,2024,1,1,Real
@AnanthaDarpally,à°à°®à°¿ à°°à°¾ à°’à°•à±à°• à°•à°Ÿà±à°Ÿ à°•à±‚à°¡à°¾ à°²à±†à°•à±à°• à°ªà±†à°Ÿà±à°Ÿà°²à±‡à°¦à±,1,2,Suspicious
@rehamanhanif,Sreehari. Garu. Da. Best. Actar. Manchi. Natudu,1,0,Real
@oggulingamaiahlingam2668,Great Sri Hari you are,1,0,Real
@saikumar2297,à°­à°¾à°°à°¤ à°¦à±‡à°¶à°‚ à°—à°°à±à°µà°¿à°‚à°šà°¦à°—à±à°— à°¨à°Ÿà±à°¡à± ğŸ˜…ğŸ˜…,1,2,Suspicious
@krishnakumari5209,ğŸ˜Š,2,3,Suspicious
@Hari-zi5cc,ğŸ˜¢,1,1,Real
@RameshBabu-vf8yv,I LIKE SUPER COMEDY SCENES.170724  BASAVAIAH X MILITARY,1,0,Real
@RameshBabu-vf8yv,BEST COMEDY. 17.07.24. ASHOK BABU,1,0,Real
@RameshBabu-vf8yv,SUPER COMEDY SCENES DHEE MOVIE THANK YOU VISHNU.17.07.24. BOSU BABU.SBI.,1,0,Real
@comedynow5261,23:00 ğŸ˜‚ğŸ˜‚ğŸ˜‚ğŸ˜‚,1,1,Real
@Animal-x9q,We miss you legendary mans,1,0,Real
@kotinagaiah720,à°¡à±ˆà°²à°¾à°—à±à°¸à± à°°à±ˆà°Ÿà°°à± à°•à±‹à°¨à°µà±†à°‚à°•à°Ÿà± à°¸à±‚à°ªà°°à±,1,2,Suspicious
@Ganesh.12314,04/07/2024 lo chustunna broğŸ˜…ğŸ˜…,1,1,Real
@NaveenVadde-vk4rq,Naveen ğŸ˜‚ğŸ˜‚ğŸ˜‚ğŸ˜‚ğŸ˜‚,1,1,Real
@Kumar-ej8di,â¤ï¸â€ğŸ”¥â¤ï¸â€ğŸ”¥ğŸ”¥ğŸ”¥ğŸ”¥,1,3,Suspicious
@av_1414,8:fourteen had me in tearsss ğŸ¤£ğŸ¤£ğŸ¤£,1,0,Real
@Kumar-ej8di,â¤,4,3,Suspicious
@Kumar-ej8di,â¤,4,3,Suspicious
@vidyasagarchitta7593,Really Sriharigaru was an excellent actor. We never forget him,1,0,Real
@deepakkarumuri1606,"ğŸ˜Š 
ğŸ˜Š
ğŸ˜Š",1,0,Real
@deepakkarumuri1606,"ğŸ˜Š 
ğŸ˜Š",1,1,Real
@deepakkarumuri1606,ğŸ˜Š,2,3,Suspicious
@nandakumar1568,Only one hit movie for Manchu Vishnu..love it from karnataka,1,0,Real
@satyasiva7735,Adi gadini control cheyandi denino gokhuthadu Australia lo mi andharu bokkaloki potharu,1,0,Real
@tirupatitirupati1787,Jaya parakesh rady  sirğŸ˜‚ğŸ˜‚ğŸ˜‚ğŸ˜‚ğŸ˜‚ğŸ˜¢ğŸ˜¢ğŸ˜¢ğŸ˜¢,1,2,Suspicious
@dharavathshivalal7773,Hai halo,1,1,Real
@harikrishna19821,ğŸ˜‚ğŸ˜‚ğŸ‰ğŸ‰ğŸ‰ğŸ˜¢ğŸ˜¢ğŸ˜¢ğŸ˜®ğŸ˜®ğŸ˜®,1,4,Suspicious
@kumars5930,The comedy scene is good,1,0,Real
@lokeshwaraiahbatchu4669,à°—à°¤à°‚à°²à±‹à°à°¨à±à°Ÿà±€ à°°à°¾à°®à°¾à°°à°¾à°µà± à°µà°¯à°¸à±à°¸à±à°¨à±à°¨ à°¹à±€à°°à±‹à°²à°²à°¾à°— à°•à°¾à°• à°•à±Šà°¦à±à°¦à°¿à°—à°¾ à°¤à°•à±à°•à±à°µ à°µà°¯à°¸à±à°²à±‹ à°‰à°¨à±à°¨ à°¹à±€à°°à±‹à°² à°•à°‚à°Ÿà±‡ à°¶à±à°°à±€à°¹à°°à°¿ à°…à°‚à°¤ à°¹à±€à°°à±‹ à°à°µà°°à± à°²à±‡à°°à± ğŸ’ğŸ‡³ğŸ‡ªğŸ™ğŸš©ğŸ‘ŒğŸ‘Œ,1,2,Suspicious
@srinuch8589,Chandra mohan great,1,0,Real
@vidyasagarchitta7593,Excellent actor Srihari. We enjoyed all his movies.,1,0,Real
@mohammedabdulshafi6752,ğŸ˜…ğŸ˜…ğŸ˜…ğŸ˜‚,1,1,Real
@MonkeysrikanthMonkeysrikanth,2024à°²à±‹ à°šà±‚à°¸à°¿à°¨ à°µà°¾à°³à±à°³à±,1,0,Real
@ashokbabu2124,"31.00 deoy saidulllğŸ˜‚ğŸ˜‚ğŸ˜‚
E mvi ani telidiiiuu",1,0,Real
@ashokkumarashu2910,2024 lo kuda chuse vallu unnra ğŸ˜Š,1,0,Real
@karthik33679,33:55 ğŸ˜‚ğŸ˜‚..... Sri hari garuğŸ’ğŸ˜¢,1,3,Suspicious
@mohammedashraf250,Amberpet Shankar Anna biopic ğŸ‰ super,1,0,Real
@NaveenNaveen-nv1zw,Naveen,1,1,Real
@simhakumarv.s.a.n,ğŸ‘ŒğŸ‘Œ Comedy,1,1,Real
@degaladanielpaul7319,https://youtu.be/Z5bq5FgWna8?si=sVN0JWFNLj7TDM3q,1,4,Suspicious
@vikrampurampalli1596,à°¶à±à°°à±€ à°¹à°°à°¿ à°…à°¨à±à°¨à°¾ à° à°®à°¿à°¸à± à°¯à±‚,1,0,Real
@harisiri3597,Mis you anna sri hari anna,1,0,Real
@JanniraviRavi,à°¶à±à°°à±€à°¹à°°à°¿ à°²à°µà± à°¨à°Ÿà±à°¡à±,1,0,Real
@enarendranaik,â¤ğŸ‰,2,3,Suspicious
@gnageswar911,Ultimate comedy ğŸ˜…,1,0,Real
@MrVipinb,I watched the entire video just for 23:03 ğŸ¤£,1,0,Real
@RamuluRamulu-y2h,hi hi hi...chaari gaaru...nannu invalv cheyaku,1,0,Real
@PurrasudharshanPurra,Bu,1,1,Real
@PurrasudharshanPurra,Mi,1,1,Real
@user-g705raj,Bramhanandam and sunil comedy super,1,0,Real
@rehamanhanif,His. Perfect. Actar,1,0,Real
@rehamanhanif,Srihari babay. Chala. Manchi manishi,1,0,Real
@afrozshaik7941,Brahmi's expression at 21:00ğŸ˜‚,1,0,Real
@pushpaRajQuotes,à°µà°¿à°·à±à°£à± à°¬à±à°°à°¹à±à°®à±€ à°¶à±à°°à±€à°¹à°°à°¿  à°®à±‚à°µà±€à°¨à°¿ à°¨à°¿à°²à°¬à±†à°Ÿà±à°Ÿà°¾à°°à± à°µà°¿à°·à±à°£à± à°œà°¨à±à°® à°§à°¨à±à°¯à°‚ à°ˆ à°’à°•à±à°• à°®à±‚à°µà±€ à°¤à±‹ğŸ˜‚ğŸ˜‚,1,2,Suspicious
@Kiran1998.,"Okkapudu koncham respect undee ğŸ˜‚ğŸ˜‚
Andukee anavasanga overreacting cheyyodu ğŸ¤£",1,0,Real
@viswanathagupta9991,à°ªà°¾à°¤ à°µà°¿à°·à°¯à°®à±ˆà°¨à°¾ à°•à±Šà°¤à±à°¤à°—à°¾ à°šà±†à°ªà±à°ªà°¾à°°à±. à°•à±Šà°¨à±à°¨à°¿ à°šà±‹à°Ÿà±à°² à°¬à±à°°à°¤à±à°•à±à°¨à± à°µà°¿à°¶à±à°²à±‡à°·à°¿à°‚à°šà±‡ à°®à°¾à°Ÿà°²à±à°¨à±à°¨à°¾à°¯à°¿ . à°…à°­à°¿à°¨à°‚à°¦à°¨à°²à±. à°Ÿà±ˆà°‚ à°ªà°¾à°¸à± à°•à± à°’à°•à±‡... à°¸à°¿à°ªà°¿à°µà°¿ à°—à±à°ªà±à°¤.,1,2,Suspicious
@venkateshwarankollengud5672,Super Dialogue Sri Hari,1,0,Real
@venkateshwarankollengud5672,Super Super Super Super,1,0,Real
@bharathkumar2312,Asalu e movie raviteja chesunte next level untadi movie,1,0,Real
@IdeaVsm,Brammandham qualics introduce cheseytapudu iddhari perlu correct ga chepthadu tharuvatha malli valla perlu thappu chepthadu watch 1:3and 2:29,1,0,Real
@RahimShaik-d4n,â¤â¤â¤â¤â¤â¤â¤â¤â¤â¤â¤â¤â¤â¤ï¸ğŸ’–ğŸ’–ğŸ’–,1,3,Suspicious
@KumarKumar-ci9pc,ğŸ˜‚ğŸ˜‚manchi comidi andi,1,0,Real
@sureshgoud438,26:20 ğŸ˜‚ğŸ˜‚ğŸ˜‚..,1,1,Real
@rajanikanthist,Correct story correct director thagilithe 100days pakka,1,0,Real
@t.v.csekhar3514,Ad promotion excellent ga chesav broğŸ˜‚,1,0,Real
@penubadinaveen5290,This script is only written for raviteja but mohan babu forced him to do film with vishnu that's why it's happen,1,0,Real
@Nagendra-z6z,Vishnu acting super,2,2,Suspicious
@balaaaa4258,Srihari garu a legend â¤â¤â¤â¤â¤,1,0,Real
@sivaramaditya4610,Ee movie evaru hero chesina hit ayyedi,1,0,Real
@venkateshwarankollengud5672,Sri Hari And Chandra Mohan Super Duper Acting,1,0,Real
@chetan2676,35:04 ğŸ˜‚ğŸ˜‚,1,1,Real
@sudarshannellutla1086,à°šà°‚à°¦à±à°°à°®à±‹à°¹à°¨à± à°•à°¾à°®à±†à°¡à±€ à°¸à°¿à°¨à°¿à°®à°¾à°²à± à°µà±‡à°¯à°‚à°¡à°¿,1,2,Suspicious
@PraviWorld,à°µà°¿à°·à±à°£à± à°Ÿà±ˆà°®à°¿à°‚à°—à± à°¸à±à°ªà±†à°°à±à°¬à± à°ˆ à°®à±‚à°µà±€à°²à±‹,1,2,Suspicious
@TastyBitesOffical7,9:39 Yamadonga bgmğŸ˜‚,1,0,Real
@Kodelliprasadbabu-ys3qf,Super block Bastar movie à°•à°¾à°®à°°à±à°·à±‡à°¯à°²à± comedy scenes Telugu à°‡à°‚à°¡à°¸à±à°Ÿà±à°°à±€ ğŸ‡®ğŸ‡³ğŸ˜˜ğŸŒ¹,1,2,Suspicious
@avvariprasad5733,Super comedy movie ğŸ˜‚ğŸ˜‚ğŸ˜‚ğŸ˜‚,1,0,Real
@rkgraphics1,Best Acting by Srihari sir,1,0,Real
@sathwik2000,Sri Hari Garuâ™¥ï¸,1,0,Real
@StenTeanku,"Production house knows, director & actor knows, public knows, we all know its gonna be a big flop. Judging it by seeing trailer. I dont wish bad but.  Its terms to happen.",1,0,Real
@echennayya-rj8hy,VGnHipluokmmokğŸ‘‰ğŸšï¸ğŸ¤£ğŸ™ahiokyokty1000,1,1,Real
@vijaykumaralic,This movie will be remembered for Srihari and Brahmi sir,1,0,Real
@bsreddys5881,35:03 ğŸ˜‚ğŸ˜‚ğŸ˜‚ğŸ˜‚ğŸ˜‚ğŸ˜‚ğŸ˜‚ğŸ˜‚,1,3,Suspicious
@vamshikatta3413,"Brahmanandam, sunil and jayaprakash reddy comedy superbâ¤",1,0,Real
@pango2174,Pilla pandi pilla pandi,1,0,Real
@sekharkajjala8519,Only bramhi sir,1,0,Real
@Iconic54367,Over action comedy,1,1,Real
@RAVIKUMAR-sw8jg,Nice movie ğŸ˜ğŸ˜ğŸ¿ğŸ¿,1,0,Real
@kiranmathapati3835,Telugu industry miss most talented Sri Hari gaaru really we miss you sir you always there in our hearts,1,0,Real
@Kiran.0000,1. Of the best movie film of srin vaitla,1,0,Real
@pillaraa45,1:19 ğŸ˜‚ğŸ˜‚ğŸ˜‚,1,1,Real
@shaikabdulwahab7950,"à°µà°¿à°·à±à°£à± à°—à°¾à°°à±‚...à°®à±€à°°à± à°®à°‚à°šà°¿ à°¨à°Ÿà±à°²à±, à°®à±€ à°¤à°‚à°¡à±à°°à°¿ à°®à±‹à°¹à°¨à± à°¬à°¾à°¬à± à°—à°¾à°°à± à°¨à°¿à°œà°‚à°—à°¾ à°®à°‚à°šà°¿ à°°à±‚à°ªà°‚, à°µà°¾à°šà°•à°‚, à°…à°­à°¿à°¨à°¯à°‚ à°—à°² à°…à°¦à±à°­à±à°¤à°®à±ˆà°¨ à°¨à°Ÿà±à°¡à±. à°•à°¾à°¨à±€ à°•à±‡à°µà°²à°‚ à°¸à°­à°¾ à°¸à°‚à°¸à±à°•à°¾à°°à°‚ à°²à±‡à°• à°¸à±Šà°‚à°¤ à°­à°œà°¨ à°•à°¾à°°à°£à°‚à°—à°¾ à°ªà±à°°à±‡à°•à±à°·à°•à±à°²à°•à± à°¦à±‚à°°à°®à°¯à±à°¯à°¾à°°à±...",1,2,Suspicious
@messiboda5156,Vishnu carrier lo best movie ante idhe one of my fevart 1 ğŸ˜…ğŸ˜‚,1,0,Real
@esyentertainment,https://youtube.com/@esyentertainment,1,4,Suspicious
@VaddhiparthiKameswrarao,ğŸ˜®,1,1,Real
@jalagamvenkatasatyanarayan9806,à°¢à±€  à°®à°‚à°šà°¿ à°•à°¾à°®à±†à°¡à±€ à°à°‚à°Ÿà°°à±à°Ÿà±ˆà°¨à°°à±. à°µà°¿à°·à±à°£à± à°¯à°¾à°•à±à°·à°¨à± à°¸à±‚à°ªà°°à±.,1,2,Suspicious
@sivayanamahaa,June - 2023,1,0,Real
@occhichaocchicha9931,Nammalaindhi director ni.. dhardragootu back ground ni kaadhu.,1,0,Real
@vsubramani9131,Enni saarulu chuchinaa visukuputtani cinimaa,1,0,Real
@surnisusriharibabu7620,à°œà°¯à°ªà±à°°à°•à°¾à°·à± à°¦à±€à°‚à°Ÿà±à°²à±‹ à°­à°²à±‡ à°šà±‡à°¶à°¾à°°à± ğŸ˜‚ğŸ˜‚ğŸ˜‚ğŸ˜‚ğŸ˜‚,1,2,Suspicious
@shahiedhasan,We Really Miss You Real Star Sri Hari Anna,1,0,Real
@MANIKANTA116TELUGU,Hi,3,3,Suspicious
@gangstar6332,35:33 rey lakalaka ğŸ¤£ğŸ¤£,1,0,Real
@koreshgudavalli6831,super,3,3,Suspicious
@krushnavarma1239,15:08,1,1,Real
@nagashankarnagashankar5198,Hi,3,3,Suspicious
@saishetty6853,Ilanti cinema lu paduntey Manoj anna ediko vellipoye vaadu papam carrier nashanam chesaru,1,0,Real
@chandrakalap4112,MopKippP,1,1,Real
@channelnawaz,https://youtu.be/5aFJTHpefgA,1,4,Suspicious
@shashwanthkumardivakaruni7818,Dynamic Star Manchu Vishnu fans Association tharapuga Greetings.ğŸğŸğŸ,1,0,Real
@olahyd4397,Srihari sirğŸ™,1,1,Real
@mdkhaja154,Super movie,3,3,Suspicious
@chavalisrikar6342,Missing this sort of comedy which is generated organically due to good plot in recent movies.,1,0,Real
@Sandeep-ou4vt,2023 Jan 26,1,0,Real
@Reddyshekar-my6yu,20.49 ğŸ˜‚ğŸ˜‚ğŸ˜‚ğŸ˜‚ğŸ˜‚ğŸ˜‚ğŸ˜‚ğŸ˜‚,1,3,Suspicious
@svpl88,Aa andhaniki aa face cut ki meeru iche value entha andi,1,0,Real
@sivaramkrishnaprasad4338,Excellent actor very good person,1,0,Real
@phanipravyakth2889,26:31 scene motham  background lo suni acting ğŸ˜‚ğŸ˜‚ğŸ˜‚,1,0,Real
@sabbavarapusaikumar6031,4,1,1,Real
@kasamolaanitha9921,Ä¶emembertkeepcommekioioioioio899th I,1,1,Real
@sshafi9519,E movie hero anna sh,1,0,Real
@RaghuRam-rj4cu,38:53,1,1,Real
@chinnichinna2912,Vishnu gaadu waste lanjakoduku,1,0,Real
@pings007,Sri Hari and Brahmanandam carried this movie on their shoulders!,1,0,Real
@nnarendhar2423,à°¤à±†à°²à°‚à°—à°¾à°£ à°®à±à°¦à±à°¦à±à°¬à°¿à°¡à±à°¡ à°¶à±à°°à±€à°¹à°°à°¿ à°—à°¾à°°à°¿à°•à°¿ à°¨à°¾à°¯à±Šà°•à±à°• à°•à±ƒà°¤à°œà±à°à°¤à°²à±,1,2,Suspicious
@dukepilotmr.3903,2022 lo chusevallu oka like eskondi â¤ï¸ğŸ˜,1,0,Real
@narasimhalol7795,35:00 ultimate ğŸ¤£,1,0,Real
@prakashraoutala9566,I LOVE THIS MOVIE ğŸ¥°ğŸ˜ğŸ¿,1,0,Real
@baluk84,Neechulu eppudoo neechangane matladatharu Rao garu.ğŸ¤©ğŸ¤©ğŸ˜ğŸ˜†ğŸ¤£ğŸ¤£ğŸ˜Š,1,0,Real
@darling1070,"à°‡à°‚à°¤ à°®à°‚à°šà°¿ à°Ÿà°¾à°²à±†à°‚à°Ÿà± à°ªà±†à°Ÿà±à°Ÿà±à°•à±à°¨à°¿ à°† à°“à°µà°°à°¾à°•à±à°·à°¨à± ,à°®à°‚à°šà°¿ à°¸à°¿à°¨à°¿à°®à°¾à°²à± à°šà±‡à°¯à°• à°•à±†à°°à±€à°°à± à°šà±†à°¡à°—à±Šà°Ÿà±à°Ÿà±à°•à±à°¨à±à°¨à°µà± à°•à°¥ à°µà°¿à°·à±à°£à± à°…à°¨à±à°¨",1,2,Suspicious
@nareshnareshkumar6590,à°¶à±à°°à±€ à°¹à°°à°¿ à°…à°¨à±à°¨à°¾ à°²à°¾à°‚à°šà°¿ à°®à°‚à°šà°¿  à°¨à°Ÿà±à°¡à± à°¦à°°à°•à°¡à°‚ à°šà°¾à°²à°¾ à°•à°·à±à°Ÿà°‚,1,2,Suspicious
@balramkrishna7487,Bramhanandam Was peak ğŸ˜‚,1,0,Real
@KiranKumar-qc8qn,à°¬à±à°°à°¹à±à°®à±€ à°¡à±ˆà°²à°¾à°—à± à°¸à±‚à°ªà°°à± à°¨à±‡à°¨à±‡à°®à°¨à±à°¨ à°—à°µà°°à±à°¨à°°à± à°‰à°¦à±à°¯à±‹à°—à°‚ à°šà±‡à°¸à±à°¤à±à°¨à±à°¨à°¾à°¨à°¾ à°…à°‚à°¡à°¿ à°°à°¿à°œà±ˆà°¨à± à°šà±‡à°¯à°Ÿà°¾à°¨à°¿à°•à°¿....... ğŸ¤£ğŸ¤£ğŸ¤£ğŸ¤£ğŸ¤£ğŸ¤£ğŸ¤£ğŸ¤£ğŸ¤£ğŸ¤£ğŸ¤£ğŸ¤£ğŸ¤£ğŸ¤£ğŸ¤£ğŸ¤£ğŸ¤£ğŸ¤£,1,2,Suspicious
@naveenk4720,really miss u Sri Hari garu,1,0,Real
@chowdary4128,Manchu's best movie in his entire cine career....,1,0,Real
@GANESHGANESH-ih7xy,Super movie,3,3,Suspicious
@ganeshachanta4598,"Sir how can I get licence to upload movies like you??

Where i can get licence?

Please tell me sir.It's a very humble request sir.please reply.",1,0,Real
@ganeshkumar-mk1ui,One man show by one and only Srihari,1,0,Real
@NuzvidTECHEXP,What a Hilarious Comedy ğŸ¤£ğŸ¤£ğŸ˜†ğŸ˜†ğŸ¤£ğŸ¤£ğŸ˜†ğŸ‘ŒğŸ‘ŒğŸ‘Œ,1,2,Suspicious
@nagarajuj3335,Super,16,3,Suspicious
@santhu__dhfm1867,à°—à°²à°¿à°¸à± à°¨ à°•à±Šà°¡à±à°•à±à°²à°¨à°¿ à°•à±à°·à°®à°¿à°‚à°šà±à°•à±Šà°¦à°¨à°¿à°•à°¿ à°à°®à°¨à±à°¨à°¾ à°¦à±à°•à±à°¨à°‚ à°ªà±†à°Ÿà±à°•à±à°¨à±à°¨à°®à°¾ ğŸ˜‚ğŸ˜‚,1,2,Suspicious
@venkatasubbaraopinninty3047,"Srihari , Brahmi leka pothe eee cinemaa okka roju kooda aadadu. All credit goes to them only.",1,0,Real
@thatsme93,YE HERO HAI.??? BHEN KAA LAUDAAAA LAAGEY HAI YE MANNEY...,1,0,Real
@ganeshkumar-mk1ui,Srihari one man show,1,0,Real
@thummalavgms5113,God of Telangana cinema ğŸ“½ï¸,1,0,Real
@maggidiraju7979,Ambar pet shankar anna story kada,1,0,Real
@hemanthm1420,Manchu vishnu unexpected hit movie.ğŸ˜‚ğŸ˜‚ğŸ˜‚,1,0,Real
@kiransrihari1052,Hyderabad local dada la pakka telangana slang mathrame kadhu aa behaviour ni kuda perfect ga chesina srihari garu we miss you....,1,0,Real
@kiransrihari1052,"Venky, dubai Seenu, ready,dhee,king,baadshah  we want that sreenu vaitla back.
Break ivvadiniki ready ga unnam....",1,2,Suspicious
@kiransrihari1052,28:25Â .....that was hilarious iam laughing so hard... ğŸ¤£ğŸ¤£ğŸ¤£,1,2,Suspicious
@kiransrihari1052,38:58Â  that expression ğŸ¤£ğŸ¤£ğŸ¤£,1,0,Real
@kiransrihari1052,Through out these scenes.. notice the fear of brahmi hillarious.. even when he is quite..ğŸ˜‚ğŸ˜‚,2,2,Suspicious
@kiransrihari1052,"Anyone can play the ROLE of MANCHU VISHNU, But SRIHARI'S ROLE no can PULL OFF except for HIM.",2,2,Suspicious
@kiransrihari1052,Natural actor..... Memorable actor. ... Srihari... We miss U â˜º,2,4,Suspicious
@onetouch1847,"https://www.youtube.com/results?search_query=onetouch18
à°®à±€ à°•à°‚à°Ÿà±†à°‚à°Ÿà± à°šà°¾à°²à°¾ à°¬à°¾à°—à±à°‚à°¦à°¿. à°‡à°²à°¾à°‚à°Ÿà°¿ à°•à°‚à°Ÿà±†à°‚à°Ÿà± à°ªà±à°°â€Œà°œâ€Œà°²â€Œà°•à± à°¬à°¾à°—à°¾ à°‰à°ªâ€Œà°¯à±‹à°—â€Œà°ªâ€Œà°¡à±à°¤à±à°‚à°¦à°¿.",1,5,Fake
@sreenug6653,.llld0hf,1,1,Real
@LEARNEXCELWITHTEJA,This combo âœŒï¸âœŒï¸âœŒï¸âœŒï¸,1,0,Real
@shravp769,Ee movie manchi actors Ki icchi unte blockbuster,1,0,Real
@nandirajuabhi2805,23:01,1,1,Real
@chintalapudipardhasaradhi_1509,Snow anna acting very nice,1,0,Real
@bnaveen1217,e,1,1,Real
@saikrishna6344,One & only legend Srihari garuğŸ‘ŒğŸ‘ŒğŸ‘ŒğŸ”¥ğŸ”¥,1,0,Real
@mgh-qc5sp,Super ğŸ™,1,1,Real
@ramadevipulukuri6550,90huu7,1,1,Real
@ramadevipulukuri6550,NAKKA uy55555t0lÄ·3uy5,1,1,Real
@reddy5405,Srihari and brahmanandam valle movie success ayindi..,1,0,Real
@321sundar,snow anna,1,1,Real
@ajaypagadala783,ğŸ˜‚ğŸ˜‚ğŸ˜‚ğŸ˜‚,1,1,Real
@srinivasreddykarri7145,Snow raja,1,1,Real
@guruprasadmolaka5711,à°®à±à°‚à°¦à±à°—à°¾ à°ªà°¾à°¨à°¿à°‚à°¦à°¿à°¯à°¾ à°¸à±à°Ÿà°¾à°°à± à°•à°¾à°µà°²à°¸à°¿ à°¨ à°µà°¾à°¡à± à°®à°‚à°šà±.,1,2,Suspicious
@k.vishakhk.vishakh884,XğŸ“ğŸ“ğŸ“ğŸ“ğŸ“ğŸ“ğŸ“ğŸ“ğŸ“ğŸ“ğŸ“ğŸ“ğŸ“,1,3,Suspicious
@saikrishna1992,23:03ğŸ¤£ğŸ¤£,1,1,Real
@saikrishna1992,à°¶à±à°°à±€ à°°à°‚à°— à°°à°‚à°—à°¾..,1,0,Real
@meeravalisk307,38:58 that expression ğŸ¤£ğŸ¤£ğŸ¤£,1,0,Real
@meeravalisk307,38:02 fun ride ğŸ˜‚ğŸ˜‚ğŸ˜‚,1,0,Real
@sangarambabu6079,Realstar.sriharigaru,1,1,Real
@maddiralasaiharshith,38:24ğŸ¤£ğŸ¤£ğŸ¤£ğŸ¤£ğŸ¤£ğŸ¤£start full comedy brahmanadam sir super,1,0,Real
@pendramaravind5924,Super comedy movies,1,0,Real
@santoshrocky3447,2022ğŸ˜,1,1,Real
@IrfanIk1218,Snow anayağŸ˜,1,1,Real
@emmanuelthesuperstar7659,Vishnu Manchu looks like his father Mohan Babu in this movie.,1,0,Real
@srivallim2955,Vishnu ki life lo edi okkate hit inka anni fut,1,0,Real
@theflysoultelugu1160,Gudda palagadegutam ni natthi pukuka sulli lanjodka Teri makkki.   Choo9ooo,1,0,Real
@theflysoultelugu1160,M ra lamdike brain lekunda body ni namme edavalu antunnav gouds ni antha gudda balshindara,1,0,Real
@tejkumar948,Hi Anna thinava,1,0,Real
@appalanaidusurala1076,P,1,1,Real
@starggaming8990,28:25.....that was hilarious iam laughing so hard... ğŸ¤£ğŸ¤£ğŸ¤£,1,2,Suspicious
@yash1891,Miku bp undaaaa miru cherake vachindi sirğŸ˜‚ğŸ˜‚ğŸ˜‚,1,0,Real
@venkypanasa8099,Srihari garu  suuper,1,0,Real
@rajukadpa4180,I à°²à±ˆà°•à± à°¶à±à°°à±€ à°¹à°°à°¿ à°¸à°¾à°°à± not à°¨à°¾ à°®à±Šà°¡à±à°¡à°²à±‹ à°µà°¿à°·à±à°£à±,1,2,Suspicious
@krameshramesh7621,Miss u anna,1,0,Real
@CricketMiyan,Hyderabad local dada la pakka telangana slang mathrame kadhu aa behaviour ni kuda perfect ga chesina srihari garu we miss you,1,0,Real
@SaiSai-gk5sf,à°ˆ. à°®à±‚à°µà±€ à°²à±‹. à°¹à±€à°°à±‹.  à°¶à±à°°à±€à°¹à°°à°¿.  à°—à°¾à°°à±. ğŸ‘,1,2,Suspicious
@GlobeTrotter_2027,10:00,1,1,Real
@karthikff2170,Sri hari is the king of Indian cimema we miss him lot,1,0,Real
@rishivarshith7520,35:04 ğŸ˜‚ğŸ¤£ğŸ˜‚,1,1,Real
@ramg1021,à°¨à°¨à±à°¨à± involve à°šà±†à°¯à±à°¯à°‚à°¡à°¿ à°šà°¾à°°à°¿ à°—à°¾à°°à±..,1,2,Suspicious
@myyogi999,Enni sarlu chusina bore kottadu movie,1,0,Real
@jackietiger2872,"0:45

38:44",1,1,Real
@shaikasha8827,Iam missu srihari,1,0,Real
@asr872,we miss you srihari anna,1,0,Real
@yeswanthkumar6033,Bramhanandam comedy super,1,0,Real
@vidhyasagar4720,0:51,1,1,Real
@mariyappah8768,MğŸ‘â™¥ï¸ğŸ’‹ğŸ’‹ğŸ’‹ğŸ’‹ğŸ’¯,1,1,Real
@anilkumar36437,à°ªà±‹à°µà°¾à°²à°¿ à°…à°‚à°Ÿà±‡ à°ªà±ˆà°•à°¿ à°¤à°ªà±à°ª à°¬à°¯à°Ÿà°•à± à°µà±†à°²à±à°²à°²à±‡à°®à±,1,3,Suspicious
@akhilkumargiripogu2713,Buddodu Brahmi side choopinchinappudu ğŸ˜€,1,0,Real
@Jeevan_129,Mobile ki camera ye ledu..ğŸ˜‚ğŸ˜‚ğŸ˜‚,1,0,Real
@ManojKumar-tt3fi,Snow Anna ki life lo oka hit that too bcoz of Brahmi sir,1,0,Real
@siriteja8441,Yes haa.,1,1,Real
@yernaidukoppala7171,TaÃ±guteri parekseam panthellu  vishnu manchu,1,0,Real
@harikaindula9155,Ni mokamu midhi vado mokamu bagane vundhi,1,0,Real
@harikaindula9155,Vidu vaka hero .,1,0,Real
@funzone5391,"à°”à°°à°¾ à°¬à°¬à±à°²à± à°®à±€ à°…à°¯à±à°¯à°¨à± à°¤à°¾à°—à±à°¬à±‹à°¤à±à°¨à± à°œà±‡à°¶à±€ à°à°‚ à°¸à±à°Ÿà±‹à°°à±€ à°¶à±†à°ªà±à°ªà°¿à°¨à°µà± à°°à°¾ à°šà±†à°‚à°Ÿà°²à± à°“à°šà±à°šà°¿à°¨à°¯à± à°ªà±Šà°Ÿà±à°Ÿà±‹à°¨à°¿à°•à°¿,ğŸ˜ğŸ˜ğŸ˜27:38",1,2,Suspicious
@funzone5391,25:14 à°…à°²à±‹  ğŸ¤£ğŸ¤£ğŸ¤£ğŸ¤£ğŸ¤£,1,0,Real
@funzone5391,6:01à°à°®à°¿à°°à°¾ à°‡à°¦à°¿ à°ªà°¾à°² à°¡à°¬à±à°¬ à°²à±†à°•à±à°•à±à°¨à±à°¨à°¦à°¿,1,2,Suspicious
@vasishtachowdary4015,3000,1,1,Real
@neelapaka2184,Super  video ğŸ¤£ğŸ˜‚,1,0,Real
@sanyasinaidu6761,à°Ÿà°‚à°—à±à°Ÿà±‚à°°à°¿ à°µà°¿à°°à°¹à°‚ à°¬à°¾à°•à°¾à°°à°‚ à°ªà°‚à°¤à±à°²à±ğŸ˜ğŸ˜ Manchu Vishnu,1,2,Suspicious
@lakshmanaraosura7718,Emi ra idhi pala dabba la undhi,1,0,Real
@vishnuchaitanya3266,38:40,1,1,Real
@SIROUDAY,Okati mathram nijam...vishnu e movie  lo baga acting chesadu,1,0,Real
@shouryapooja14,"26:20,â˜ºğŸ˜ğŸ˜€ğŸ˜‚ğŸ˜ƒğŸ˜„",1,1,Real
@pinniboinaobaiah2061,"P,,, AHOBILAM",1,1,Real
@SriKanth-dk3mr,Wonderful movie,1,1,Real
@chakrisatya259,Srihari anna brahmi lekapoty vishnu gadiki antha seen ledu,1,0,Real
@gjangeshwar2904,Great legendary actress Srihari sir huge lose of the industry...,1,0,Real
@ARUNKUMARJR-xm3tm,ğŸ˜ğŸ˜ğŸ¤­ğŸ¤­ğŸ¤­,1,1,Real
@pavankalyan7058,https://youtu.be/97FaXZ2BuRU,1,4,Suspicious
@muralidharreddy6186,27:11ğŸ‘ŒğŸ‘ŒğŸ‘Œ,1,1,Real
@sagarsandy8213,20.44 sec brahmi ğŸ¤£ğŸ¤£ğŸ¤£,1,0,Real
@soeteceprojects7268,Djsj,1,1,Real
@veeraiahk4783,No,1,1,Real
@RaviKumar-hu3wg,Hero ki nathhhhhhi babiooooooo,1,0,Real
@Arunkumar-bn6pv,Inthati maryadasthudine pattukone engilakulu ethukunee mustodannadraa ğŸ˜‚ brahmi expression ğŸ¤£,1,0,Real
@Healthyfoodtelugu-nn,20:45ğŸ˜‚,1,1,Real
@reddykumar753,Pedha nayana adi computer la vishyam edisei ğŸ˜‚ğŸ˜‚,1,0,Real
@inthiyazmd6039,SRI Hari garu Miss you,1,0,Real
@reddypradeep4545,à°¤à±†à°²à°‚à°—à°¾à°£ à°¬à°¿à°¡à±à°¡ à°¶à±à°°à±€ à°¹à°°à°¿ à°…à°¨à±à°¨ à°•à°¿ à°œà±ˆ,1,2,Suspicious
@kapirivisakh1934,ğŸ´â€â˜ ï¸ğŸ¥—ğŸŒ®ğŸ¥™ğŸ–ğŸ—ğŸ§†ğŸ¦ğŸ§‡ğŸ”ğŸŒ­ğŸŒ­ğŸ•ğŸŸğŸ¥šğŸ”ŒğŸ“Ÿâ˜ï¸ğŸ“±ğŸ“±ğŸ“±ğŸ“±ğŸ“±ğŸ§¥ğŸ§¥ğŸ½ğŸ‘•ğŸ‘•ğŸ‘•ğŸ’ğŸ’ğŸ’ğŸ’ğŸ’ğŸ’ğŸ’ğŸ‘“ğŸ’ğŸ’ğŸ’ğŸ’ğŸ’ğŸ’ğŸ’ğŸ’ğŸ’ğŸ’ğŸ’ğŸ’ğŸ’ğŸ’ğŸ’ğŸ’ğŸ’ğŸ’ğŸ’„ğŸ’„ğŸ’„ğŸ’„ğŸ’„ğŸ’„ğŸ’„ğŸ’„ğŸ’„ğŸ’ğŸ’ğŸ’ğŸ’ğŸ’ğŸ’ğŸ’ğŸ’ğŸ’ğŸ’ğŸ’ğŸ’ğŸ’ğŸ’ğŸ’ğŸ’ğŸ’ğŸ’ğŸ’ğŸ’ğŸ’ğŸ’ğŸ’ğŸ’ğŸ’ğŸ’ğŸ’ğŸ’ğŸ’ğŸ’ğŸ’ğŸ’ğŸ’ğŸ’ğŸ’ğŸ’ğŸ’ğŸ’ğŸ’ğŸ’ğŸ’ğŸ’ğŸ’ğŸ’ğŸ’ğŸ’ğŸ’ğŸ’ğŸ’ğŸ’ğŸ’ğŸ’ğŸ’ğŸ’ğŸ’ğŸ’ğŸ’ğŸ’ğŸ’ğŸ’„ğŸ’ğŸ’ğŸ’ğŸ’ğŸ’ğŸ’ğŸ’ğŸ’ğŸ’ğŸ’ğŸ’ğŸ’ğŸ’ğŸ’ğŸ’ğŸ’ğŸ’ğŸ’ğŸ’ğŸ’ğŸ’ğŸ’ğŸ’ğŸ’ğŸ’ğŸ’ğŸ’ğŸ’ğŸ’ğŸ’ğŸ’ğŸ’ğŸ’ğŸ’„ğŸ’ğŸ’„ğŸ’ğŸ’ğŸ’ğŸ’ğŸ’ğŸ’ğŸ’ğŸ’ğŸ’ğŸ’ğŸ’ğŸ’ğŸ’ğŸ’ğŸ’ğŸ’ğŸ’ğŸ’ğŸ’ğŸ’ğŸ’ğŸ’ğŸ’ğŸ’„ğŸ’„ğŸ’„ğŸ’„ğŸ’„ğŸ’„ğŸ’„ğŸ’„ğŸ’„ğŸ’„ğŸ’„ğŸ’„ğŸ’„ğŸ’ğŸ’ğŸ’ğŸ’ğŸ’ğŸ’ğŸ’ğŸ’ğŸ’ğŸ’ğŸ’ğŸ’ğŸ’ğŸ’ğŸ’„ğŸ’„ğŸ’„ğŸ’„ğŸ’„ğŸ’„ğŸ’„ğŸ’„ğŸ’„ğŸ’„ğŸ’„ğŸ’ğŸ’ğŸ’ğŸ’ğŸ’ğŸ’ğŸ’ğŸ’ğŸ’ğŸ’ğŸ’ğŸ’ğŸ’ğŸ’ğŸ’ğŸ’ğŸ’ğŸ’ğŸ’ğŸ’ğŸ’ğŸ’ğŸ’ğŸ’ğŸ’ğŸ’ğŸ’ğŸ’ğŸ’ğŸ’ğŸ’ğŸ’ğŸ’ğŸ’ğŸ’ğŸ’ğŸ’ğŸ’ğŸ’ğŸ’ğŸ’ğŸ’ğŸ’ğŸ’,1,3,Suspicious
@SunilKumar-he2qn,"à°¶à±à°°à±€à°¹à°°à°¿ à°—à°¾à°°à± à°—à±Šà°ªà±à°ª à°¨à°Ÿà±à°¡à± , à°®à°³à±à°³à±€ à°¦à±Šà°°à°•à°¡à°‚ à°•à°·à±à°Ÿà°‚",1,2,Suspicious
@santoshrao3737,Miss u Srihari sir ğŸ˜£,1,0,Real
@photography_goals,38:42 ğŸ˜‚ğŸ˜‚ğŸ˜‚,1,1,Real
@ravikiran171,Ma amma bombay cinema chustunte nen theatre lo puttesaanu sir ğŸ¤£ğŸ¤£ğŸ¤£,1,0,Real
@pj.9414,ğŸ˜‚,2,3,Suspicious
@thontasrinivas8573,Blockbuster movie,1,1,Real
@actorsasivadan6666,Okko scenuu okko meme laa undhi,1,0,Real
@giduturisuresh6727,Tollywood worest hero vishnu,1,0,Real
@rohitplays2155,"38:45 chudandi ra entha bayam karanga undho , naku bayam esthundhi ra",1,0,Real
@RameshBabu-vf8yv,ok.8.7.21.mrb sbi,1,1,Real
@mraju9949,Super,16,3,Suspicious
@sureshganga5584,10:53,1,1,Real
@pardasaradimaringanti4864,à°¶à±à°°à±€à°¹à°°à°¿ à°—à°¾à°°à± à°µà±†à°°à±€ à°°à°¿à°¯à°²à± HERO,1,2,Suspicious
@rangaraorangarao246,How,1,1,Real
@abdullashaikh6803,ğŸ˜‚ğŸ˜‚ğŸ˜‚ğŸ˜‚ğŸ¤­,2,3,Suspicious
@abdullashaikh6803,ğŸ˜‚ğŸ˜‚ğŸ˜‚ğŸ˜‚ğŸ¤­,2,3,Suspicious
@bhogapurapusaikumar,Pooja kaadu Veedi chaavuki baajaa ğŸ˜‚,1,0,Real
@rammohankommareddy3080,ğŸ™ Great Hero hats off,1,0,Real
@sekharthulasi7589,23:02,1,1,Real
@timebanking164,Through out these scenes.. notice the fear of brahmi hillarious.. even when he is quite..ğŸ˜‚ğŸ˜‚,2,2,Suspicious
@mahipalreddy9627,à°¶à±à°°à±€ à°¹à°°à°¿ à°—à°¾à°°à± à°šà°¾à°²à°¾ à°šà°•à±à°•à°—à°¾ à°šà±‡à°¶à°¾à°°à± à°…à°¤à°¨à°¿ à°²à°¾à°‚à°Ÿà°¿ à°¯à°¾à°•à±à°Ÿà°°à± à°¦à±Šà°°à°•à°¡à°‚ à°•à°·à±à°Ÿo,1,2,Suspicious
@sivaprakashmaram8679,35:05 ğŸ˜‚ğŸ¤­ğŸ˜‚,1,1,Real
@peacocksolutions9910,https://www.youtube.com/watch?v=H3u0S9wb1Vc - ( SADAA NEE PREMALO - OFFICIAL TRAILER ),1,5,Fake
@p.krishnakrishna.p4768,"Super Comedy
Miss You Srihari ğŸ˜¢ğŸ˜¢",1,0,Real
@bajasrinu1991,Miss you Anna,1,0,Real
@jakkulamanikanta7112,"4:17 , 28:26 Miss You JP Garu ğŸ˜­ğŸ˜­ğŸ˜­ğŸ˜­ğŸ˜­",1,0,Real
@jakkulamanikanta7112,Waiting For The Dhee 2 Double Dose,1,0,Real
@parvateesamnandury6158,Z,1,1,Real
@sandeepgudikonda9829,38:52 trending template,1,0,Real
@MKRPTR,I am here only to watch Shri Hari SirğŸ™ğŸ™ğŸ™ğŸ™ğŸ™ğŸ™ğŸ™ğŸ™ğŸ™ğŸ™ğŸ™ğŸ™ğŸ™ğŸ™ğŸ™,1,2,Suspicious
@prakashnayak9710,39:21 super comedy,1,0,Real
@briteboy3022,Nice ğŸ˜€ğŸ˜€ğŸ˜€,1,1,Real
@sahulb1534,Oksari Srinu vaitla garu track lo padithae comedy track enko level velthundi....I hope ayina come back Manchi movie tho ravali ani korukuntuna legendary srihari garu lanti actor Malli chudalem ğŸ™ğŸ™,1,0,Real
@allavuddinkhan3531,2021 lo chuse vallu oka like ğŸ‘ veskondi.....like main bigiluuuuuuu ğŸ˜ğŸ˜,1,0,Real
@raazraaz5127,à°¶à±à°°à±€à°¹à°°à°¿ à°²à±‡à°¨à°¿ à°¢à±€-2 ..à°šà±‚à°¡à°²à±‡à°®à±,1,2,Suspicious
@santoshreddykothakapu8144,"Anyone can play the ROLE of MANCHU VISHNU, But SRIHARI'S ROLE no can PULL OFF except for HIM.",2,2,Suspicious
@amol06,Kattri ya pe nokari ve savan cherry Ave San tuniga,1,0,Real
@bujji407,ğŸ˜ğŸ˜ğŸ˜ğŸ˜ğŸ˜,1,1,Real
@hardblast6283,who watching in 2021?,1,0,Real
@nalamothusrivishnusai5401,We Miss you Sri Hari Sir,1,0,Real
@crazystuff282,Who are watching this video in 2021,1,0,Real
@vinaysrinuvaskumarkoribill2752,45 mins chalu Srinu vaitla stamina ento we want comback this type Srinu vaitla,1,0,Real
@mvbsatwik330,Waiting for D-D . All the best for team,1,0,Real
@praveenkumar-st7hy,We miss you srihari garu,1,0,Real
@Amarnath_Handle,à°®à°‚à°šà± à°µà°¿à°·à±à°£à± à°—à°¾à°°à°¿à°•à°¿ à°œà°¨à±à°®à°¦à°¿à°¨ à°¶à±à°­à°¾à°•à°¾à°‚à°•à±à°·à°²à± à°¢à±€,1,2,Suspicious
@Amarnath_Handle,"à°¢à±€ à°•à°¿ à°¸à±€à°•à±à°µà±†à°²à±
à°µà°¿à°·à±à°£à± à°¬à±à°°à°¹à±à°®à°¾ à°¨à°‚à°¦à°‚
à°¶à±à°°à±€à°¹à°°à°¿ à°¸à±à°¨à±€à°²à±",1,2,Suspicious
@pavanpk4730,Here after dhee double dose announcement,1,0,Real
@jithsunny,"RIP Sri Hari 
RIP JayaPrakash Reddy",1,0,Real
@srikarkandala6056,21:20,1,1,Real
@manjunathmsmanjudbosss1913,Super,16,3,Suspicious
@Rrajesh91,Vhhvssvmknbbshhshbsbsh kjsnbssobbstirnbdb bavsjkksgshddbjjks kksjjsb aahvshhsjtsbbhiosnbssyydbnnd kksjsysvvsuxjbdbdbshehwh bbs s named herein ğŸ˜jjjsgeubbbxib jsvsvğŸ”¥ğŸ”¥ğŸ”¥vvs uijsb,1,0,Real
@à²¹à²°à²¿à²¬à²¾à²¬à³à²¤à²²à²¾à²°à²¿,38.44 Comedy,1,1,Real
@siriteja8441,"Yes come on D Reddy anttunnava, what re",1,0,Real
@nagendrabhonsle9053,31:05,1,1,Real
@naaperunikuenduku8403,Hit this jp,1,0,Real
@naaperunikuenduku8403,"Nayana computerla visyam edasie jp,,,,    , miss you ğŸ˜‚ğŸ˜‚ğŸ˜‚ğŸ˜‚ğŸ˜‚ğŸ˜‚ğŸ˜‚ğŸ˜‚ğŸ˜‚ğŸ˜‚ğŸ˜‚ğŸ’“",1,2,Suspicious
@akkiravan7386,20:48 brahmi ğŸ˜‚ğŸ˜‚ğŸ˜‚,1,0,Real
@nmanoj7272,SuperğŸ™‚ğŸ™‚ğŸ™‚ğŸ™‚ğŸ™‚,1,1,Real
@sivaprasadkorukonda5385,Supar,2,3,Suspicious
@MaheshChandraP,RIP Jayaprakash reddy garu,1,0,Real
@maamr11ali64,jp garu i miss you,1,0,Real
@dlaxminarayadlaxminarayana9316,Thanks,1,1,Real
@nagaramgopal9821,Funny,1,1,Real
@trinathrao9307,All time favourite ğŸ˜,1,0,Real
@vinaykumarsubedar369,Paala Dabba ğŸ˜†ğŸ˜†,1,0,Real
@loveyourraise5448,Eni sarlu chusina bore kottani clip idi,1,0,Real
@kingskingdom4812,Srihari Anna Acting kosam Ennisarlaina choodalanipisthundi,1,0,Real
@nithvikaram683,Comedy timing super,1,0,Real
@ansarkhanprk9726,Hi super,1,1,Real
@Balu7723,ShankaranaaaaaaaaaaaaağŸ˜ƒğŸ˜ƒğŸ˜ƒ,1,1,Real
@ravindravlogs-y8z,I love you,1,0,Real
@maheshdarisa,4:28 ğŸ˜‚ğŸ˜‚ğŸ˜‚ğŸ˜‚ğŸ˜‚ğŸ˜‚ *Same macha*,1,2,Suspicious
@kavithabonagiri4765,Spr cinema,1,1,Real
@krishnab8916,Ippatiki dozen tinnav ennani themuğŸ˜ğŸ˜‚ğŸ˜ğŸ˜‚ğŸ˜ğŸ˜‚ğŸ˜‚ğŸ˜‚ğŸ˜‚ğŸ˜ğŸ˜‚,1,2,Suspicious
@dandilokenath,ğŸ˜† haha ğŸ˜† superb movie ğŸ¥,1,0,Real
@buchibabub1189,à°¶à±à°°à±€à°¨à± à°µà±ˆà°Ÿà±à°² à°¦à°°à±à°¶à°•à°¤à±à°µà°‚à°²à±‹ à°µà°šà±à°šà°¿à°¨ à°…à°§à±à°¬à±à°¤à°®à±ˆà°¨ à°¸à°¿à°¨à°¿à°®à°¾,1,2,Suspicious
@Ashrithshorts-u3b,Super,16,3,Suspicious
@Mahaabharath,Same matcha,1,1,Real
@Mahaabharath,Okasari kalesthe malli venakostudha ğŸ˜†ğŸ˜œğŸ˜,1,0,Real
@srikanthpandu9020,Watch 23.03ğŸ˜‚ğŸ˜‚,1,1,Real
@ramakrishnakrishna6376,10:53 thokkalendi brain lekunda body nammukune yedavaluğŸ˜‚ğŸ˜‚,1,0,Real
@krishnab8916,Sunil comedy extradinary wahhhhhh,1,0,Real
@jayadeepreddy4788,4:50 daggara  nannu involve cheyyakand chari garu template,1,0,Real
@rahularvapalli5166,(5)(5)=25,1,1,Real
@kalpanadasari8370,em chari garu... nannu involve cheyakandi rao garuğŸ˜‚,1,0,Real
@smts2323,7,1,1,Real
@varambade,VC  CREATIONS maa vadha youtube  Thumbnail cheyabunu  Please contact  Cell: 9676814288,1,0,Real
@priyatham11,23:03 brahmi highlight comedy ğŸ¤£ğŸ¤£ğŸ¤£,1,0,Real
@lingampallishivaji6720,Super comedy,7,3,Suspicious
@akkalipraneethreddy7028,We miss u sri hari sir,1,0,Real
@akkalipraneethreddy7028,Rip srihari garu,2,2,Suspicious
@pavanyadav9257,Memes king bramhanandam garu,1,0,Real
@kandatibhanuprakash5391,ğŸ˜ŠğŸ˜ŠğŸ˜ŠğŸ˜ŠğŸ˜ŠğŸ˜†ğŸ˜†ğŸ˜†ğŸ˜†ğŸ˜†,1,3,Suspicious
@sainaveen394,Who are watching this in quarantine?,1,0,Real
@sivasankar8933,Sri hari gaaru super acting sir i miss you sir,1,0,Real
@banothkumardetective9257,We miss srihari actor,1,0,Real
@dsandeep9443,Very good entertainer,1,0,Real
@usvkumar0074,Mis u srihari anna,1,0,Real
@srinivasdabbiru1393,Doctor said that please take care of him.,1,0,Real
@bhavyad1366,Chary ğŸ˜†ğŸ˜†ğŸ˜†ğŸ˜†,1,1,Real
@bunnypangi4801,à°¶à±à°°à±€ à°¹à°°à°¿ à°…à°¨à±à°¨à°¾ à°²à°¾à°‚à°Ÿà°¿ à°®à°‚à°šà°¿ à°¨à°Ÿà±à°¡à± à°¦à±Šà°°à°•à°¡à°‚ à°šà°¾à°²à°¾ à°•à°·à±à°Ÿà°‚...,1,2,Suspicious
@venkateshgundala3940,25:14 at vishnu voice.....helloğŸ˜€ğŸ˜€ğŸ˜€ğŸ˜€,1,2,Suspicious
@indrammareddypogu9889,Super,16,3,Suspicious
@srinugudipudi8513,Srihari miss you sir,1,0,Real
@oukuvinod103,Srihari sir his a super man,1,0,Real
@therailmusafir5497,It is our bad luck that we lost our Srihari too early.,1,0,Real
@tabtab1229,Sri hari garu real life hero,1,0,Real
@kingsrayalaseema1575,sri hari garu rip very great person,1,0,Real
@ESPtvtelugu,Very good content keep it up ğŸ‘,1,0,Real
@venkyviratvenkyvirat5703,Super,16,3,Suspicious
@venkyviratvenkyvirat5703,Nicd,1,1,Real
@muralikrishnamurali77,Vishnu I miss you,1,0,Real
@kalehari9988,Miss u sir srihari,1,0,Real
@nareshpadaballi2100,Supar,2,3,Suspicious
@RamRam-ze1kj,Ram,1,1,Real
@shivohamofficial1990,"à°¶à±à°°à±€ à°¹à°°à°¿ à°—à±Šà°ªà±à°ª à°¨à°Ÿà±à°¡à±, à°®à°³à±à°²à±€ à°¦à±Šà°°à°•à°¡à°‚ à°•à°·à±à°Ÿà°‚",1,2,Suspicious
@adhimurari,"Chandramohan:- à°®à±€ à°šà±‡à°µà±à°²à±‡à°®à±ˆà°¨ à°¤à±à°ªà±à°ªà± à°ªà°Ÿà±à°Ÿà°¿ à°ªà±‹à°¯à°¿à°¨à°¿à°¯à±à°¯.. à°µà°¾à°¡à± à°ªà±à°°à±‡à°®à°¿à°‚à°šà°¿à°‚à°¦à°¿ à°¶à°‚à°•à°°à± à°—à±Œà°¡à± à°šà±†à°³à±à°³à°¿à°²à±à°¨à±‡.. 
Lady :- à°¶à°‚à°•à°°à± à°—à±Œà°¡à± à°¨à°¿ à°ªà±à°°à±‡à°®à°¿à°¸à±à°¤à±‡ à°¤à°ªà±à°ªà± à°•à°¾à°¨à±€, à°µà°¾à°¡à°¿ à°šà±†à°²à±à°²à±†à°²à±à°¨à°¿ à°ªà±à°°à±‡à°®à°¿à°¸à±à°¤à±‡ à°¤à°ªà±à°ªà±‡à°‚à°Ÿà°¿.. ğŸ˜‚ğŸ˜‚ğŸ¤£ğŸ¤£",1,2,Suspicious
@rajeshpakkurthi8090,J i  used to,1,0,Real
@phanisreddy4587,"Srihari garu Pan India actor ayyey capacity unna actor, meeru unduntey baagundedhi ee generation loğŸ™",1,0,Real
@SkillOne1Skill,Watching only for srihari,1,0,Real
@p.v.8775,Miss you srihari sir,1,0,Real
@prasadvemuri6301,Ee sari elagaina sreenu vaitla garu malli pedda blockbuster movie tiyali ani korukuntunanu,1,0,Real
@bejjenkiprashanth1357,Real starâ­... Telangana slang lo chala baga matladadu,1,0,Real
@shaikyunu3219,ğŸ‘Œmiss you srihare,1,0,Real
@srilaxmidiagnosticcenter60,all blood tests home services available for in Hyderabad Sri Laxmi diagnostic centr ğŸ’‰ğŸ’‰ğŸ’‰ğŸ§ªğŸ“ 9959887420,1,0,Real
@yallamnaidumeesalayallamna3539,Super,16,3,Suspicious
@markantswami133,M. Swami,1,1,Real
@u.lokeshlokesh.u383,Lokesh,1,1,Real
@chgopal2910,143,1,1,Real
@tgparmy2774,Thiyagaraj,1,1,Real
@gktherider,"We miss u srihari anna ... 

My schol days memory  ...",1,0,Real
@anandm696,Super,16,3,Suspicious
@rteja2722,Nice movie,1,1,Real
@vamshinaidu1747,Super comedy ğŸ˜,1,0,Real
@nitishkumar413,36:38 lakalaka......ğŸ¤£ğŸ¤£ğŸ¤£ğŸ¤£,1,3,Suspicious
@riakch,sri hari garu its not final. you are writers challenge.,1,0,Real
@shaikwahedabdul2163,"Venky, dubai Seenu, ready,dhee,king,baadshah  we want that sreenu vaitla back .
Break ivvadiniki ready ga unnam",1,0,Real
@nvkamesh5844,Srihari garu in telangana slang highlite...really v miss u sir..!,1,0,Real
@naturalkrishna6602,SreehariğŸ‘‘ğŸ‘‘ğŸ‘‘,1,1,Real
@bunny-pg6se,Srihari osm,1,1,Real
@brainpills5709,Nanu involve cheyakandi rav gaaru ğŸ¤£ğŸ¤£ğŸ¤£ğŸ¤£ğŸ¤£,1,0,Real
@rampower4016,Super comedy,7,3,Suspicious
@rahularvapalli5166,ãŠ—ï¸ãŠ™ï¸ğŸˆµğŸˆ´ğŸˆšï¸ğŸˆºğŸˆ¸ğŸˆ¶ğŸ‰ğŸˆ²ğŸˆ·ï¸,1,3,Suspicious
@smasavarapu,1 of the best comedy in Tollywood after ready,1,0,Real
@jagadish7139,Vishnu looking very cute and handsome here,1,0,Real
@Akshaytalksindia,Em cinema lu theesindu rayya Seenu Vaitla ğŸ™ğŸ™ğŸ™ Awesome comedy devudu,1,0,Real
@kadharvalli589,"Vishnu,oka,Lek",1,1,Real
@jyothikethavath2635,39:06 frustrated brahami,1,0,Real
@rameshgoud8947,Best comedy..,1,1,Real
@Raghu91165,23:02 brahmiğŸ˜œ,1,2,Suspicious
@pradeeptemper8338,Comedy keka,1,1,Real
@telanganaagriculturekvenky7833,à°¸à±‚à°ªà°°à± à°•à°¾à°®à±‡à°¡à°¿,1,1,Real
@surajjanni6302,Nyccc comedy 19/12/2019,1,0,Real
@krishnakrish7478,Vishnu sir super,1,0,Real
@dr.strange7171,Gd,1,1,Real
@anjia1197,Super,16,3,Suspicious
@pichiguntlaswamy9356,Super,16,3,Suspicious
@srinivassrinivas2000,I am miss you srihari anna,1,0,Real
@mudavathsuryaprakashmudava5294,sri hari anna miss u,1,0,Real
@princeof.d,Sri haari gari kosamaina chuda dagga cinema piccha comedy,1,0,Real
@Krish_editz_a,Brahamanandam Comedy superğŸ‘ŒğŸ‘Œ,1,0,Real
@dpnareshvijay3555,suer,1,1,Real
@mmsingh81067,19:30,1,2,Suspicious
@krupamayuduminstrieskalla8686,"Mahesh babu ela vuntadu ra 
Milk boy la vuntadu. 
Nuvu ela vunnavu ra milk icche gedela vunnavu ğŸ˜‚ğŸ˜‚ğŸ˜†ğŸ˜†ğŸ˜†ğŸ˜‚ğŸ˜†ğŸ˜‚",1,2,Suspicious
@dghhdhjj6056,i.love.srihari.sir.i.mis.u.sir,1,1,Real
@n.s.kirankumarkumar9290,EEE YEDAVALIKI COFFEE KOODAA NAA NAAK EEE.                                     NENU YEDAVAKI EEVAANNU.              HAHAHAHAHA ğŸ˜œ ğŸ˜œ HAHAHAHAHA ğŸ˜œ ğŸ˜œ HAHAHAHAHA ğŸ˜œ ğŸ˜œ HAHAHAHAHA ğŸ˜œ ğŸ˜œ HAHAHAHAHA ğŸ˜œ ğŸ˜œ HAHAHAHAHA ğŸ˜œ ğŸ˜œ HAHAHAHAHA ğŸ˜œ ğŸ˜œ HAHAHAHAHA ğŸ˜œ ğŸ˜œ HAHAHAHAHA ğŸ˜œ ğŸ˜œ HAHAHAHAHA ğŸ˜œ ğŸ˜œ HAHAHAHAHA ğŸ˜œ ğŸ˜œ HAHAHAHAHA ğŸ˜œ ğŸ˜œ HAHAHAHAHA ğŸ˜œ ğŸ˜œ HAHAHAHAHA ğŸ˜œ ğŸ˜œ HAHAHAHAHA ğŸ˜œ ğŸ˜œ,1,2,Suspicious
@sowjanyasowjanya7058,Super comedy,7,3,Suspicious
@sowjanyasowjanya7058,Super comedy,7,3,Suspicious
@rajasekharkoyyani97,Mamulu comedy kaadu sreenu vaitla best film,1,0,Real
@abhiabhishek9964,Telangana Tiger...Slang osmm srihari gaaru..we will miss u sir,1,0,Real
@p.poleboina46,à°¸à±‚à°ªà°°à±,2,3,Suspicious
@ARAVAKOUSALYA-i6y,Srihari s acting is super in every movie,1,0,Real
@ganesh-ls9om,We miss you sir sriharigaru,1,0,Real
@rajur4784,We miss u boss srihari,1,0,Real
@prasadrantham599,Super,16,3,Suspicious
@g.bharathkumarg7379,Srinu waitla  best for comedy movies,1,0,Real
@santhoshkumarpedada2809,Sri Hari ...     ....we miss u,1,0,Real
@sudharani2366,Brahmi comedy super,1,0,Real
@narasimhadodle1681,Super comedy,7,3,Suspicious
@srinun2053,Super movie,3,3,Suspicious
@HemanthKumar-wr6ok,We miss u sir Shri Hari sir,1,0,Real
@dandilokenath,Manchu manoj comedy,1,0,Real
@aniljanasena6611,mIs u Sri Hari Garu,1,0,Real
@rajachowdary8863,LakalakalakalakkalakkağŸ˜†,1,1,Real
@prakashpiili9504,super ğŸ˜ğŸ˜ğŸ˜ğŸ˜ğŸ˜ğŸ˜,1,1,Real
@swarna.sriharshaharsha2215,We miss u sir,1,0,Real
@hamsikachinta2380,Nice movie miss you sri hari garu,1,0,Real
@muzakkirshaikh9875,RIP Sri Hari garu,1,0,Real
@chanduchandu3335,Same machha,1,1,Real
@narayanatirumunadham4919,Sunil comedy super ga vuthude,1,0,Real
@ravindrareddycheerla8404,Manchi sense of humar vunna srihari garu chani povatam badakaram,1,0,Real
@villan3108,Real star we miss u,1,0,Real
@gopinadhsraina7742,sri hari sir thope acting!!!,1,0,Real
@hemanthrao2387,9:32 Pedanayana gadi computer la Vishayam idicheyi,1,0,Real
@subbusubhashini3602,We miss u sriharigaru,1,0,Real
@divyasreemudhiraj4966,Telanga real star super slang sir and miss u sir,1,0,Real
@nishanthrao4956,We miss U Sri Hari Sir Rip sir,1,0,Real
@naveenyadav1983,Miss u s Real Star srihari sir,1,0,Real
@bottasatyannarana2262,Super,16,3,Suspicious
@skcriyetivs2614,Vishnu acting super,2,2,Suspicious
@skcriyetivs2614,Vishnu timeing super,1,0,Real
@rajuchakali9465,Djfk DJ mgnyj Hf fu be 4th jdg,1,0,Real
@kelothuraju3367,Super funny,1,1,Real
@TV-np4hz,Srihari sir you reall hero sir,1,0,Real
@traju5076,Nice move ğŸ˜‚,1,0,Real
@ramakrishnamrajukodiganti1910,Sunil Garu Malli back avandi,1,0,Real
@jaganamballa6272,"Sunil superb 
Rip sri hari garu",1,0,Real
@tehrimtanveer1342,Miss u Sri hair sir,1,0,Real
@rajeshbandari1977,Prathi okkaru super ga acting chesharu  comedy film,1,0,Real
@AKRAO-wm2ek,à°¶à±à°°à±€à°¹à°°à°¿ à°…à°¨à±à°¨ ts à°¸à±à°²à°¾à°‚à°—à± à°•à±‡à°•,1,2,Suspicious
@AKRAO-wm2ek,à°¬à±à°°à°¹à±à°®à±€ rockz,1,1,Real
@Avis4134,"Dialogue to dialogue gurtuntaay. Golden days of TFI 
Missing these comedy now a days",1,0,Real
@Avis4134,We want that vintage srinu vaitla back,1,0,Real
@venkannabonthavenkanna683,By,1,1,Real
@vinaysrinuvaskumarkoribill2752,Dhee movie 90 percentage srihari one man show and another 10percent balance actor s,1,0,Real
@praveenbollebolle399,Amra Chari ğŸ˜€ğŸ˜€ğŸ˜€,1,0,Real
@sksadak96,Miss you lot sir sriharigaru,1,0,Real
@iconahmedkhan2459,Natural actor..... Memorable actor. ... Srihari... We miss U â˜º,2,4,Suspicious
@vajjhasailaja7218,25:43,1,1,Real
@lakshya3001,Funny this video,1,0,Real
@sukumr-py8xi,No one can replace you Srihari Sr..............but sad your RIP,1,2,Suspicious
@nallamahesh1239,Super comedy,7,3,Suspicious
@chinnuchinnu5883,Miss you Sri Hari sir,1,0,Real
@bharathcivil,"Allooooo
Hellooo",1,1,Real
@ownersrina6929,Super,16,3,Suspicious
@saipraveen9456,4:33,1,1,Real
@muqheebrockzzz7492,Rip srihari garu,2,2,Suspicious
@Jayaram-updates,https://allaround24.blogspot.com/2018/10/face-glow-tip.html,1,6,Fake
@notinterested7703,43:19-43:21...what was he saying?,1,0,Real
@Moka138,Super Comedy ğŸ˜ğŸ˜ğŸ˜ğŸ˜,1,0,Real
@mdsubhan169,",ğŸ˜‚ğŸ˜‚ğŸ˜‚ğŸ˜‚ğŸ˜‚",1,1,Real
@mohamedrehaman6895,Exallent,1,1,Real
@ganeshdhurvy7578,super,3,3,Suspicious
@balajilucky123,à°¸à±‚à°ªà°°à±,2,3,Suspicious
@jesuschrist-gp2ku,Aboo,1,1,Real
@yeshwanth5277,Watch bramanandham performance at 33:00,1,0,Real
@palnatiraju2605,Sreehari good actor,1,0,Real
@palnatiraju2605,I miss you sir sreehari,1,0,Real
@krameshramesh7621,I miss srihari,1,0,Real
@ravibondla6284,Srihari Anna miss u,1,0,Real
@madhumourya178,keka,1,1,Real
@shaikanvar1813,Anvar  videos,1,1,Real
@AppalarajuPetaInfo,Super,16,3,Suspicious
@mohanpothuganti4488,Good movie. We miss you srihari sir,1,0,Real
@rathodramesh3060,Very funny,1,1,Real
@MUNNYMELODIES,@6.7,1,1,Real
@rajeshmamillapalli3281,Genelia expression @26:54 ğŸ˜„ğŸ˜„,1,0,Real
@rajeshmamillapalli3281,Jaya Prakash expression @5:16,1,0,Real
@bavanarasimha7481,Super,16,3,Suspicious
@gujjavenkateswarlu4397,Miss u Sri hari garu,1,0,Real
@gffver9863,ğŸ‘ŒğŸ‘ğŸ‘ŒğŸ‘ğŸ‘ŒğŸ‘ğŸ‘ŒğŸ‘ğŸ‘ŒğŸ‘,1,3,Suspicious
@jayaprakash525,Super comedy,7,3,Suspicious
@madhumaxwell3746,I miss  u srihari,1,0,Real
@manikumar4359,super,3,3,Suspicious
@deviraju2988,ğŸ˜†ğŸ˜†ğŸ˜†ğŸ˜†ğŸ˜†,1,1,Real
@kusmus1273,33:49 Tamil lo teesthanu sir...telugu lo kooda aaduthaayi sir....hahahahaha funny af,1,0,Real
@nititar4171,nice,1,1,Real
@bhavyajasti6346,ğŸ˜‚,2,3,Suspicious
@Ala-yr2wp,Good,1,1,Real
@jadavmaruthi8141,un,1,1,Real
@shriramu8936,ğŸ‘Œ,2,3,Suspicious
@ArunKumar-dg8qt,yssr,1,1,Real
@revathiprasad.d2966,Lol,1,1,Real
